A3710,(노인) 노인요양시설,노인의료복지시설,자치구,황용규,1174000000,강동구,서울특별시 강동구 구천면로68길 46 (천호동),37.5477564,127.1425402,서울강동경찰서,서울강동,G30000001329742,서울청
A8007,(노인) 노인요양시설,노인의료복지시설,자치구,조규영,1174000000,강동구,서울특별시 강동구 양재대로 1465마루홈타운 301호 (길동),37.5368082,127.1392925,서울강동경찰서,서울강동,G30000001329742,서울청
A9535,(노인) 노인요양시설,노인의료복지시설,자치구,이유리,1174000000,강동구,서울특별시 강동구 동남로71길 32-5강동노인종합복지관 5층 (명일동),37.5522497,127.1544071,서울강동경찰서,서울강동,G30000001329742,서울청
G1662,(노인) 노인요양시설,노인의료복지시설,자치구,한정일,1174000000,강동구,서울특별시 강동구 고덕로 476 (강일동),37.550417,127.1595919,서울강동경찰서,서울강동,G30000001329742,서울청
G2659,(노인) 노인요양시설,노인의료복지시설,자치구,박형대,1174000000,강동구,서울특별시 강동구 명일로 230 2층 (길동),37.5391298,127.1467996,서울강동경찰서,서울강동,G30000001329742,서울청
G4483,(노인) 노인요양시설,노인의료복지시설,자치구,정혜수,1174000000,강동구,서울특별시 강동구 천호대로 1240-9 (둔촌동),37.532176,127.1481246,서울강동경찰서,서울강동,G30000001329742,서울청
G7414,(노인) 노인요양시설,노인의료복지시설,자치구,정재영,1174000000,강동구,서울특별시 강동구 올림픽로 831 (암사동),37.555125,127.1289964,서울강동경찰서,서울강동,G30000001329742,서울청
J9547,(노인) 노인요양시설,노인의료복지시설,자치구,정화철,1174000000,강동구,서울특별시 강동구 고덕로 421 (강일동),37.5496976,127.1589028,서울강동경찰서,서울강동,G30000001329742,서울청
A2214,(노인) 노인요양시설,노인의료복지시설,자치구,이성희,1171000000,송파구,서울특별시 송파구 성내천로 193 (마천동),37.4978455,127.1528507,서울송파경찰서,서울송파,G30000001329860,서울청
A5477,(노인) 노인요양시설,노인의료복지시설,자치구,신영식,1171000000,송파구,서울특별시 송파구 성내천로16길 17,37.4983576,127.1394286,서울송파경찰서,서울송파,G30000001329860,서울청
A6153,(노인) 노인요양시설,노인의료복지시설,자치구,권영미,1171000000,송파구,서울특별시 송파구 충민로 184,37.4856607,127.1338618,서울송파경찰서,서울송파,G30000001329860,서울청
A7650,(노인) 노인요양시설,노인의료복지시설,자치구,유진숙,1171000000,송파구,서울특별시 송파구 가락로 27 (석촌동),37.5059159,127.0998038,서울송파경찰서,서울송파,G30000001329860,서울청
A8127,(노인) 노인요양시설,노인의료복지시설,자치구,김나현,1171000000,송파구,서울특별시 송파구 백제고분로32길 37,37.4990868,127.0949606,서울송파경찰서,서울송파,G30000001329860,서울청
A8835,(노인) 노인요양시설,노인의료복지시설,자치구,이경희,1171000000,송파구,서울특별시 송파구 백제고분로32길 41,37.4986086,127.0948793,서울송파경찰서,서울송파,G30000001329860,서울청
G2901,(노인) 노인요양시설,노인의료복지시설,자치구,주현태,1171000000,송파구,서울특별시 송파구 성내천로47길 40 (마천동),37.5007412,127.1472943,서울송파경찰서,서울송파,G30000001329860,서울청
G4859,(노인) 노인요양시설,노인의료복지시설,자치구,곽혜련,1171000000,송파구,서울특별시 송파구 위례광장로 220 (장지동),37.4850892,127.1332182,서울송파경찰서,서울송파,G30000001329860,서울청
A4918,(노인) 노인요양시설,노인의료복지시설,자치구,임상백,1168000000,강남구,서울특별시 강남구 도곡로27길 27 (역삼동),37.4944941,127.0418244,서울수서경찰서,서울수서,G30000001329960,서울청
G0512,(노인) 노인요양시설,노인의료복지시설,자치구,박득수,1168000000,강남구,서울특별시 강남구 헌릉로590길 50 (세곡동),37.4629612,127.101282,서울수서경찰서,서울수서,G30000001329960,서울청
G3308,(노인) 노인요양시설,노인의료복지시설,자치구,옥순인,1168000000,강남구,서울특별시 강남구 자곡로 204-25 (자곡동),37.4826378,127.1053409,서울수서경찰서,서울수서,G30000001329960,서울청
A5266,(노인) 노인요양시설,노인의료복지시설,자치구,강병석,1132000000,도봉구,서울특별시 도봉구 시루봉로 133,37.6628847,127.0269675,서울도봉경찰서,서울도봉,G30000001329939,서울청
A7284,(노인) 노인요양시설,노인의료복지시설,자치구,정윤석,1132000000,도봉구,서울특별시 도봉구 도봉로141길 11(쌍문동 참빛빌딩),37.6615027,127.0401371,서울도봉경찰서,서울도봉,G30000001329939,서울청
G0201,(노인) 노인요양시설,노인의료복지시설,자치구,유영옥,1132000000,도봉구,서울특별시 도봉구 도봉로 6399층 (쌍문동),37.6522545,127.0304855,서울도봉경찰서,서울도봉,G30000001329939,서울청
G1102,(노인) 노인요양시설,노인의료복지시설,자치구,임하연,1132000000,도봉구,서울특별시 도봉구 마들로649-20 8층 (방학동),37.6682237,127.0417704,서울도봉경찰서,서울도봉,G30000001329939,서울청
G1137,(노인) 노인요양시설,노인의료복지시설,자치구,이근례,1132000000,도봉구,서울특별시 도봉구 도봉로152길26 6층 (방학동),37.6691927,127.0452616,서울도봉경찰서,서울도봉,G30000001329939,서울청
G1482,(노인) 노인요양시설,노인의료복지시설,자치구,장혜숙,1132000000,도봉구,서울특별시 도봉구 도봉로191길 88-6 (도봉동),37.68977,127.0410045,서울도봉경찰서,서울도봉,G30000001329939,서울청
G3095,(노인) 노인요양시설,노인의료복지시설,자치구,정용훈,1132000000,도봉구,서울특별시 도봉구 도봉로180길 46 5층 (도봉동),37.682268,127.0486451,서울도봉경찰서,서울도봉,G30000001329939,서울청
G3115,(노인) 노인요양시설,노인의료복지시설,자치구,강정희,1132000000,도봉구,서울특별시 도봉구 도봉로180길 46 4층 (도봉동),37.682268,127.0486451,서울도봉경찰서,서울도봉,G30000001329939,서울청
G3116,(노인) 노인요양시설,노인의료복지시설,자치구,황욱,1132000000,도봉구,서울특별시 도봉구 도봉로180나길 48-0 (도봉동)46 6층 (도봉동),37.683452,127.050141,서울도봉경찰서,서울도봉,G30000001329939,서울청
G3119,(노인) 노인요양시설,노인의료복지시설,자치구,조용진,1132000000,도봉구,서울특별시 도봉구 도봉로180길 46 2층 (도봉동),37.682268,127.0486451,서울도봉경찰서,서울도봉,G30000001329939,서울청
G3143,(노인) 노인요양시설,노인의료복지시설,자치구,이상실,1132000000,도봉구,서울특별시 도봉구 도봉로180길 46 3층 (도봉동),37.682268,127.0486451,서울도봉경찰서,서울도봉,G30000001329939,서울청
G3169,(노인) 노인요양시설,노인의료복지시설,자치구,김광희,1132000000,도봉구,서울특별시 도봉구 덕릉로62길 52-6 (창동)52-6 (창동),37.6392121,127.0420672,서울도봉경찰서,서울도봉,G30000001329939,서울청
G3176,(노인) 노인요양시설,노인의료복지시설,자치구,박찬우,1132000000,도봉구,서울특별시 도봉구 도봉로180길 46 7층 (도봉동),37.682268,127.0486451,서울도봉경찰서,서울도봉,G30000001329939,서울청
G3364,(노인) 노인요양시설,노인의료복지시설,자치구,박성애,1132000000,도봉구,서울특별시 도봉구 도봉로152길26 7층 (방학동 렉시온프라자),37.6691927,127.0452616,서울도봉경찰서,서울도봉,G30000001329939,서울청
G4842,(노인) 노인요양시설,노인의료복지시설,자치구,김재겸,1132000000,도봉구,서울특별시 도봉구 노해로277 (창동),37.6517821,127.0389321,서울도봉경찰서,서울도봉,G30000001329939,서울청
G5001,(노인) 노인요양시설,노인의료복지시설,자치구,유명철,1132000000,도봉구,서울특별시 도봉구 도봉로136가길 4 4층 (창동 창동리더스빌딩),37.6587966,127.0414847,서울도봉경찰서,서울도봉,G30000001329939,서울청
G5487,(노인) 노인요양시설,노인의료복지시설,자치구,김세용,1132000000,도봉구,서울특별시 도봉구 마들로 649-20 6층 (방학동 메인프라자),37.6683013,127.0448212,서울도봉경찰서,서울도봉,G30000001329939,서울청
J5102,(노인) 노인요양시설,노인의료복지시설,자치구,김성자,1132000000,도봉구,서울특별시 도봉구 도봉로154길 23신성빌딩 3층,37.6713662,127.0454061,서울도봉경찰서,서울도봉,G30000001329939,서울청
M0089,(노인) 노인요양시설,노인의료복지시설,자치구,김미경,1132000000,도봉구,서울특별시 도봉구 도봉로136가길4창동리더스빌딩6층,37.6587966,127.0414847,서울도봉경찰서,서울도봉,G30000001329939,서울청
M0479,(노인) 노인요양시설,노인의료복지시설,자치구,장효선,1132000000,도봉구,서울특별시 도봉구 덕릉로59길 20 (창동),37.6406968,127.0384971,서울도봉경찰서,서울도봉,G30000001329939,서울청
A4746,(노인) 노인요양시설,노인의료복지시설,자치구,강차남,1138000000,은평구,서울특별시 은평구 연서로48길 41 (진관동),37.638999,126.9381215,서울은평경찰서,서울은평,G30000001329922,서울청
A5098,(노인) 노인요양시설,노인의료복지시설,자치구,김해숙,1138000000,은평구,서울특별시 은평구 연서로15길 27-2(구산동),37.611127,126.9136082,서울은평경찰서,서울은평,G30000001329922,서울청
G5167,(노인) 노인요양시설,노인의료복지시설,자치구,강대근,1138000000,은평구,서울특별시 은평구 연서로21길27-20 (갈현동),37.6150368,126.9142219,서울은평경찰서,서울은평,G30000001329922,서울청
A1547,(노인) 노인요양시설,노인의료복지시설,자치구,허영숙,1138000000,은평구,서울특별시 은평구 서오릉로 30-17(녹번동),37.6036928,126.9259293,서울서부경찰서,서울서부,G30000001329564,서울청
A6014,(노인) 노인요양시설,노인의료복지시설,자치구,김희자,1138000000,은평구,서울특별시 은평구 통일로57길 5-10(녹번동),37.6045669,126.9336145,서울서부경찰서,서울서부,G30000001329564,서울청
A7187,(노인) 노인요양시설,노인의료복지시설,자치구,양태승,1138000000,은평구,서울특별시 은평구 응암로 353 (녹번동),37.6027331,126.9222614,서울서부경찰서,서울서부,G30000001329564,서울청
A7600,(노인) 노인요양시설,노인의료복지시설,자치구,조항진,1138000000,은평구,서울특별시 은평구 서오릉로 35 (녹번동),37.6028792,126.9343804,서울서부경찰서,서울서부,G30000001329564,서울청
A8716,(노인) 노인요양시설,노인의료복지시설,자치구,박길진,1138000000,은평구,서울특별시 은평구 응암로 348(녹번동),37.6021551,126.9227012,서울서부경찰서,서울서부,G30000001329564,서울청
G1094,(노인) 노인요양시설,노인의료복지시설,자치구,정수민,1138000000,은평구,서울특별시 은평구 진흥로 4734층 (역촌동),37.6025533,126.9193501,서울서부경찰서,서울서부,G30000001329564,서울청
G1388,(노인) 노인요양시설,노인의료복지시설,자치구,최재식,1138000000,은평구,서울특별시 은평구 수색로272-1 (수색동),37.5830854,126.8944006,서울서부경찰서,서울서부,G30000001329564,서울청
G6403,(노인) 노인요양시설,노인의료복지시설,자치구,채봉석,1138000000,은평구,서울특별시 은평구 증산로15길 35-8 상가11동 (신사동 101201301호),37.5893847,126.9075926,서울서부경찰서,서울서부,G30000001329564,서울청
J2247,(노인) 노인요양시설,노인의료복지시설,자치구,박찬식,1138000000,은평구,서울특별시 은평구 연서로 17(역촌동),37.6060291,126.9223622,서울서부경찰서,서울서부,G30000001329564,서울청
J8913,(노인) 노인요양시설,노인의료복지시설,자치구,김정훈,1138000000,은평구,서울특별시 은평구 증산로15길 26 (신사동),37.5896159,126.9105682,서울서부경찰서,서울서부,G30000001329564,서울청
M1144,(노인) 노인요양시설,노인의료복지시설,자치구,김미섭,1138000000,은평구,서울특별시 은평구 응암로13길11-7 (응암동 메트로타워 3층4층5층10층.11층),37.5891975,126.916409,서울서부경찰서,서울서부,G30000001329564,서울청
A0765,(노인) 노인요양시설,노인의료복지시설,자치구,김명화,1147000000,양천구,서울특별시 양천구 목동중앙남로16다길 6-13 (목동),37.5439107,126.865749,서울양천경찰서,서울양천,G30000001329834,서울청
A4519,(노인) 노인요양시설,노인의료복지시설,자치구,이경복,1147000000,양천구,서울특별시 양천구 곰달래로6길 17-1 (신월동),37.5283005,126.8359444,서울양천경찰서,서울양천,G30000001329834,서울청
A5050,(노인) 노인요양시설,노인의료복지시설,자치구,민경욱,1147000000,양천구,서울특별시 양천구 신월로 26 (신정동),37.5198014,126.8487425,서울양천경찰서,서울양천,G30000001329834,서울청
A7908,(노인) 노인요양시설,노인의료복지시설,자치구,김광제,1147000000,양천구,서울특별시 양천구 신목로 10현대아파트 단지 내 106동 앞 (신정동 목동현대아파트),37.5181409,126.8765577,서울양천경찰서,서울양천,G30000001329834,서울청
A8751,(노인) 노인요양시설,노인의료복지시설,자치구,한승호,1147000000,양천구,서울특별시 양천구 목동로3길 106 (신정동),37.5104056,126.8586214,서울양천경찰서,서울양천,G30000001329834,서울청
G0285,(노인) 노인요양시설,노인의료복지시설,자치구,송길한,1147000000,양천구,서울특별시 양천구 지양로 152 (신월동),37.5237269,126.8261246,서울양천경찰서,서울양천,G30000001329834,서울청
G2400,(노인) 노인요양시설,노인의료복지시설,자치구,구종완,1147000000,양천구,서울특별시 양천구 곰달래로 30 (신월동),37.5297489,126.8360814,서울양천경찰서,서울양천,G30000001329834,서울청
G2883,(노인) 노인요양시설,노인의료복지시설,자치구,차재철,1147000000,양천구,서울특별시 양천구 신월로 107 (신월동),37.5161389,126.8358223,서울양천경찰서,서울양천,G30000001329834,서울청
G3850,(노인) 노인요양시설,노인의료복지시설,자치구,백승권,1147000000,양천구,서울특별시 양천구 신월로 191 (신월동 정세빌딩 3.4.5 층),37.5199558,126.8438258,서울양천경찰서,서울양천,G30000001329834,서울청
G4407,(노인) 노인요양시설,노인의료복지시설,자치구,김동미,1147000000,양천구,서울특별시 양천구 등촌로 32 8층 (목동 태영프라자),37.532863,126.86414,서울양천경찰서,서울양천,G30000001329834,서울청
G4509,(노인) 노인요양시설,노인의료복지시설,자치구,임재심,1147000000,양천구,서울특별시 양천구 은행정로5 6층 (신정동 에벤에셀프라자),37.5201773,126.8595935,서울양천경찰서,서울양천,G30000001329834,서울청
G4983,(노인) 노인요양시설,노인의료복지시설,자치구,이영란,1147000000,양천구,서울특별시 양천구 지양로 29 234층 (신월동 오윤빌딩),37.5188862,126.8365511,서울양천경찰서,서울양천,G30000001329834,서울청
J7968,(노인) 노인요양시설,노인의료복지시설,자치구,한미경,1147000000,양천구,서울특별시 양천구 오목로 208 (신정동),37.5253696,126.8605407,서울양천경찰서,서울양천,G30000001329834,서울청
A0007,(노인) 노인요양시설,노인의료복지시설,자치구,김샛별,1150000000,강서구,서울특별시 강서구 강서로45다길 30-22,37.546652,126.8337772,서울강서경찰서,서울강서,G30000001329716,서울청
A1926,(노인) 노인요양시설,노인의료복지시설,자치구,배국원,1150000000,강서구,서울특별시 강서구 수명로2길 96-0,37.5510686,126.8279367,서울강서경찰서,서울강서,G30000001329716,서울청
A4600,(노인) 노인요양시설,노인의료복지시설,자치구,김미숙,1150000000,강서구,서울특별시 강서구 금낭화로 39봄날실버센터,37.5688776,126.8114693,서울강서경찰서,서울강서,G30000001329716,서울청
A4602,(노인) 노인요양시설,노인의료복지시설,자치구,김동숙,1150000000,강서구,서울특별시 강서구 화곡로68길 102,37.5570082,126.8593075,서울강서경찰서,서울강서,G30000001329716,서울청
A4615,(노인) 노인요양시설,노인의료복지시설,자치구,이은점,1150000000,강서구,서울특별시 강서구 초록마을로14길 44 (화곡동),37.5409646,126.8480894,서울강서경찰서,서울강서,G30000001329716,서울청
A7202,(노인) 노인요양시설,노인의료복지시설,자치구,원창근,1150000000,강서구,서울특별시 강서구 등촌로 1833층 (등촌동),37.5400345,126.8628887,서울강서경찰서,서울강서,G30000001329716,서울청
A7965,(노인) 노인요양시설,노인의료복지시설,자치구,문명희,1150000000,강서구,서울특별시 강서구 개화동로11길 3-12,37.5788188,126.8004452,서울강서경찰서,서울강서,G30000001329716,서울청
A9082,(노인) 노인요양시설,노인의료복지시설,자치구,정용규,1150000000,강서구,서울특별시 강서구 양천로1길 100,37.574109,126.809241,서울강서경찰서,서울강서,G30000001329716,서울청
G1570,(노인) 노인요양시설,노인의료복지시설,자치구,한미영,1150000000,강서구,서울특별시 강서구 수명로2가길 25-16(내발산동 수명산요양원),37.5485002,126.8250776,서울강서경찰서,서울강서,G30000001329716,서울청
G1803,(노인) 노인요양시설,노인의료복지시설,자치구,김인곤,1150000000,강서구,서울특별시 강서구 곰달래로 71 (화곡동),37.5303146,126.8407464,서울강서경찰서,서울강서,G30000001329716,서울청
G1932,(노인) 노인요양시설,노인의료복지시설,자치구,이상희,1150000000,강서구,서울특별시 강서구 공항대로41길 34-0 (등촌동)34 (등촌동),37.5592457,126.8457028,서울강서경찰서,서울강서,G30000001329716,서울청
G1934,(노인) 노인요양시설,노인의료복지시설,자치구,김미원,1150000000,강서구,서울특별시 강서구 까치산로106 (화곡동),37.5475148,126.8492651,서울강서경찰서,서울강서,G30000001329716,서울청
G2846,(노인) 노인요양시설,노인의료복지시설,자치구,최연임,1150000000,강서구,서울특별시 강서구 등촌로 183 4층 (등촌동),37.5462134,126.8622513,서울강서경찰서,서울강서,G30000001329716,서울청
G3108,(노인) 노인요양시설,노인의료복지시설,자치구,정한준,1150000000,강서구,서울특별시 강서구 강서로12길 8-8 12층 (화곡동 근상프리즘주상복합아파트),37.5312226,126.8475287,서울강서경찰서,서울강서,G30000001329716,서울청
G4758,(노인) 노인요양시설,노인의료복지시설,자치구,남정애,1150000000,강서구,서울특별시 강서구 수명로 80 6층 7층 (내발산동 베스트프라자),37.5531859,126.8263802,서울강서경찰서,서울강서,G30000001329716,서울청
M0574,(노인) 노인요양시설,노인의료복지시설,자치구,오명자,1150000000,강서구,서울특별시 강서구 화곡로 254,37.5475748,126.846366,서울강서경찰서,서울강서,G30000001329716,서울청
M1182,(노인) 노인요양시설,노인의료복지시설,자치구,채재혁,1150000000,강서구,서울특별시 강서구 양천로11길 15-11(방화동),37.5740444,126.809231,서울강서경찰서,서울강서,G30000001329716,서울청
A2412,(노인) 노인요양시설,노인의료복지시설,자치구,장성란,1129000000,성북구,서울특별시 성북구 보문로31길 70 (삼선동3가),37.5869005,127.0134724,서울성북경찰서,서울성북,G30000001329377,서울청
A7319,(노인) 노인요양시설,노인의료복지시설,자치구,박진양,1129000000,성북구,서울특별시 성북구 서경로 67 (정릉동),37.6094481,127.0152235,서울성북경찰서,서울성북,G30000001329377,서울청
A7405,(노인) 노인요양시설,노인의료복지시설,자치구,한경민,1129000000,성북구,서울특별시 성북구 인촌로7길 322~5층 (안암동1가),37.5889057,127.0196837,서울성북경찰서,서울성북,G30000001329377,서울청
A8008,(노인) 노인요양시설,노인의료복지시설,자치구,김옥경,1129000000,성북구,서울특별시 성북구 길음로9길 46 (길음동),37.6058853,127.0186647,서울성북경찰서,서울성북,G30000001329377,서울청
A9177,(노인) 노인요양시설,노인의료복지시설,자치구,강영희,1129000000,성북구,서울특별시 성북구 보문로 50 (보문동7가),37.5805364,127.0206098,서울성북경찰서,서울성북,G30000001329377,서울청
G2909,(노인) 노인요양시설,노인의료복지시설,자치구,서정애,1129000000,성북구,서울특별시 성북구 성북로4길 52 한진아파트스포츠센터동 지하2층 53055306호 (돈암동),37.5947663,127.0104379,서울성북경찰서,서울성북,G30000001329377,서울청
G3775,(노인) 노인요양시설,노인의료복지시설,자치구,김진환,1129000000,성북구,서울특별시 성북구 서경로 110 2-5층 (정릉동 정진빌딩),37.6126637,127.0133575,서울성북경찰서,서울성북,G30000001329377,서울청
G3865,(노인) 노인요양시설,노인의료복지시설,자치구,윤고은,1129000000,성북구,서울특별시 성북구 정릉로12길 69 (정릉동),37.6058527,127.0025275,서울성북경찰서,서울성북,G30000001329377,서울청
G8273,(노인) 노인요양시설,노인의료복지시설,자치구,윤민정,1129000000,성북구,서울특별시 성북구 성북로31가길 21 (성북동),37.5956744,126.987092,서울성북경찰서,서울성북,G30000001329377,서울청
J8676,(노인) 노인요양시설,노인의료복지시설,자치구,권장혁,1129000000,성북구,서울특별시 성북구 동소문로13나길 110 (동소문동7가),37.5961463,127.0150161,서울성북경찰서,서울성북,G30000001329377,서울청
A1945,(노인) 노인요양시설,노인의료복지시설,자치구,김응익,1130500000,강북구,서울특별시 강북구 삼양로92길 20(수유동),37.6365049,127.0180016,서울강북경찰서,서울강북,G30000001332662,서울청
A3996,(노인) 노인요양시설,노인의료복지시설,자치구,황광민,1130500000,강북구,서울특별시 강북구 도봉로 266 (미아동),37.6322589,127.0241539,서울강북경찰서,서울강북,G30000001332662,서울청
A9216,(노인) 노인요양시설,노인의료복지시설,자치구,인순자,1130500000,강북구,서울특별시 강북구 도봉로81길 43 (수유동),37.6348387,127.0205739,서울강북경찰서,서울강북,G30000001332662,서울청
G1340,(노인) 노인요양시설,노인의료복지시설,자치구,이영선,1130500000,강북구,서울특별시 강북구 4.19로 77 (수유동),37.6325873,127.0225691,서울강북경찰서,서울강북,G30000001332662,서울청
G2181,(노인) 노인요양시설,노인의료복지시설,자치구,권현섭,1130500000,강북구,서울특별시 강북구 한천로 1108-1 2 3층 (수유동),37.6443868,127.0209969,서울강북경찰서,서울강북,G30000001332662,서울청
G3337,(노인) 노인요양시설,노인의료복지시설,자치구,신현진,1130500000,강북구,서울특별시 강북구 도봉로81길 43 지15~8층 (수유동),37.6348387,127.0205739,서울강북경찰서,서울강북,G30000001332662,서울청
G3761,(노인) 노인요양시설,노인의료복지시설,자치구,한진섭,1130500000,강북구,서울특별시 강북구 인수봉로 225 (수유동),37.6392841,127.0123326,서울강북경찰서,서울강북,G30000001332662,서울청
M0394,(노인) 노인요양시설,노인의료복지시설,자치구,전명우,1130500000,강북구,서울특별시 강북구 오패산로 290 (미아동),37.6268335,127.0269077,서울강북경찰서,서울강북,G30000001332662,서울청
A2944,(노인) 노인요양시설,노인의료복지시설,자치구,김신희,1117000000,용산구,서울특별시 용산구 효창원로93길 51 (효창동),37.548179,126.9626153,서울용산경찰서,서울용산,G30000001329352,서울청
G0357,(노인) 노인요양시설,노인의료복지시설,자치구,김종학,1117000000,용산구,서울특별시 용산구 독서당로 103 (한남동),37.5354704,127.0107369,서울용산경찰서,서울용산,G30000001329352,서울청
G2732,(노인) 노인요양시설,노인의료복지시설,자치구,윤영준,1117000000,용산구,서울특별시 용산구 원효로 155 3~5층 (원효로2가),37.5371698,126.9656032,서울용산경찰서,서울용산,G30000001329352,서울청
A5485,(노인) 노인요양시설,노인의료복지시설,자치구,조용옥,1121500000,광진구,서울특별시 광진구 능동로 360 (중곡동),37.5595576,127.0930333,서울광진경찰서,서울광진,G30000001332648,서울청
A7670,(노인) 노인요양시설,노인의료복지시설,자치구,오병지,1121500000,광진구,서울특별시 광진구 자양로51길 11-25 (구의동),37.5530581,127.0924036,서울광진경찰서,서울광진,G30000001332648,서울청
A8052,(노인) 노인요양시설,노인의료복지시설,자치구,이태화,1121500000,광진구,서울특별시 광진구 군자로 79,37.5501406,127.0706376,서울광진경찰서,서울광진,G30000001332648,서울청
G0319,(노인) 노인요양시설,노인의료복지시설,자치구,이주한,1121500000,광진구,서울특별시 광진구 자양로 188 (구의동),37.5442625,127.0852191,서울광진경찰서,서울광진,G30000001332648,서울청
G5847,(노인) 노인요양시설,노인의료복지시설,자치구,문혜진,1121500000,광진구,서울특별시 광진구 아차산로 634 6 7층 (광장동 대오빌딩),37.5555963,127.1099156,서울광진경찰서,서울광진,G30000001332648,서울청
G5849,(노인) 노인요양시설,노인의료복지시설,자치구,이미안,1121500000,광진구,서울특별시 광진구 아차산로 634 5층 (광장동 대오빌딩),37.5525665,127.1019988,서울광진경찰서,서울광진,G30000001332648,서울청
J6228,(노인) 노인요양시설,노인의료복지시설,자치구,김현정,1121500000,광진구,서울특별시 광진구 워커힐로 93 (구의동),37.5513581,127.0973857,서울광진경찰서,서울광진,G30000001332648,서울청
J7702,(노인) 노인요양시설,노인의료복지시설,자치구,박서미,1121500000,광진구,서울특별시 광진구 아차산로63길 35 (구의동),37.5405437,127.0923162,서울광진경찰서,서울광진,G30000001332648,서울청
A4976,(노인) 노인요양시설,노인의료복지시설,자치구,김상민,1129000000,성북구,서울특별시 성북구 화랑로13길 17진각노인요양센터 (하월곡동),37.6052256,127.0411289,서울종암경찰서,서울종암,G30000001329768,서울청
A5194,(노인) 노인요양시설,노인의료복지시설,자치구,김주희,1129000000,성북구,서울특별시 성북구 종암로18길 14 (종암동),37.5988226,127.0354486,서울종암경찰서,서울종암,G30000001329768,서울청
A8156,(노인) 노인요양시설,노인의료복지시설,자치구,천정용,1129000000,성북구,서울특별시 성북구 오패산로 98로만프라자 3층 (하월곡동),37.6108223,127.0356402,서울종암경찰서,서울종암,G30000001329768,서울청
F04366,(노인) 노인요양시설,노인의료복지시설,자치구,양효정,1129000000,성북구,서울특별시 성북구 화랑로 215층 (하월곡동),37.6082923,127.0301527,서울종암경찰서,서울종암,G30000001329768,서울청
G1918,(노인) 노인요양시설,노인의료복지시설,자치구,배진희,1129000000,성북구,서울특별시 성북구 종암로9길56 (종암동),37.5965248,127.032782,서울종암경찰서,서울종암,G30000001329768,서울청
G2067,(노인) 노인요양시설,노인의료복지시설,자치구,장서현,1129000000,성북구,서울특별시 성북구 오패산로 49 2층 1호 (하월곡동),37.6063569,127.0364216,서울종암경찰서,서울종암,G30000001329768,서울청
G2419,(노인) 노인요양시설,노인의료복지시설,자치구,김수신,1129000000,성북구,서울특별시 성북구 오패산로10길 30 4층 401호 (하월곡동),37.6050939,127.0384436,서울종암경찰서,서울종암,G30000001329768,서울청
A0343,(노인) 노인요양시설,노인의료복지시설,자치구,박애자,1123000000,동대문구,서울특별시 동대문구 장한로27가길 66 (장안동),37.5759695,127.0713979,서울동대문경찰서,서울동대문,G30000001332833,서울청
A1515,(노인) 노인요양시설,노인의료복지시설,자치구,주광미,1123000000,동대문구,서울특별시 동대문구 장한로28길 56 (장안동),37.5726193,127.0750552,서울동대문경찰서,서울동대문,G30000001332833,서울청
A2007,(노인) 노인요양시설,노인의료복지시설,자치구,장영실,1123000000,동대문구,서울특별시 동대문구 망우로 82 (휘경동),37.5892778,127.0645418,서울동대문경찰서,서울동대문,G30000001332833,서울청
A7545,(노인) 노인요양시설,노인의료복지시설,자치구,이병만,1123000000,동대문구,서울특별시 동대문구 장한로27가길53 (장안동),37.5755073,127.0710561,서울동대문경찰서,서울동대문,G30000001332833,서울청
F04767,(노인) 노인요양시설,노인의료복지시설,자치구,,1100000000,서울특별시,서울특별시 동대문구 황물로 12 (답십리동),37.570156,127.051401,서울동대문경찰서,서울동대문,G30000001332833,서울청
A2112,(노인) 노인요양시설,노인의료복지시설,자치구,곽금봉,1120000000,성동구,서울특별시 성동구 마장로23길 12 (홍익동),37.5674274,127.0329852,서울성동경찰서,서울성동,G30000001329479,서울청
A8551,(노인) 노인요양시설,노인의료복지시설,자치구,한향율,1120000000,성동구,서울특별시 성동구 금호로 45정은타워 2층 (금호동4가),37.5474719,127.0251912,서울성동경찰서,서울성동,G30000001329479,서울청
F04452,(노인) 노인요양시설,노인의료복지시설,자치구,지소현,1120000000,성동구,서울특별시 성동구 마장로 125 (상왕십리동),37.5683602,127.0256673,서울성동경찰서,서울성동,G30000001329479,서울청
A7928,(노인) 노인요양시설,노인의료복지시설,자치구,박창남,1114000000,중구,서울특별시 중구 동호로5길 189 (신당동),37.5467321,127.0087341,서울중부경찰서,서울중부,G30000001329261,서울청
J8714,(노인) 노인요양시설,노인의료복지시설,자치구,전미애,1114000000,중구,서울특별시 중구 필동로 96 (장충동2가),37.5559979,126.9963097,서울중부경찰서,서울중부,G30000001329261,서울청
A0001,(노인) 노인요양시설,노인의료복지시설,자치구,최은숙,1126000000,중랑구,서울특별시 중랑구 신내로 194 ,37.6161434,127.0949709,서울중랑경찰서,서울중랑,G30000001329641,서울청
A5579,(노인) 노인요양시설,노인의료복지시설,자치구,황현옥,1126000000,중랑구,서울특별시 중랑구 신내로 50-53층,37.6034777,127.0959296,서울중랑경찰서,서울중랑,G30000001329641,서울청
A9020,(노인) 노인요양시설,노인의료복지시설,자치구,노태곤,1126000000,중랑구,서울특별시 중랑구 용마산로 494상아빌딩 5층,37.5950066,127.1002367,서울중랑경찰서,서울중랑,G30000001329641,서울청
A9683,(노인) 노인요양시설,노인의료복지시설,자치구,김순덕,1126000000,중랑구,서울특별시 중랑구 신내로 56 (신내동),37.6041626,127.096064,서울중랑경찰서,서울중랑,G30000001329641,서울청
G0884,(노인) 노인요양시설,노인의료복지시설,자치구,조남식,1126000000,중랑구,서울특별시 중랑구 양원역로 38 (망우동 시립중랑노인전문요양원),37.604588,127.1073169,서울중랑경찰서,서울중랑,G30000001329641,서울청
G1334,(노인) 노인요양시설,노인의료복지시설,자치구,장태숙,1126000000,중랑구,서울특별시 중랑구 용마산로 485 (망우동),37.6018407,127.1131792,서울중랑경찰서,서울중랑,G30000001329641,서울청
G2368,(노인) 노인요양시설,노인의료복지시설,자치구,금경자,1126000000,중랑구,서울특별시 중랑구 봉우재로 47 (면목동),37.5909108,127.0783222,서울중랑경찰서,서울중랑,G30000001329641,서울청
G6178,(노인) 노인요양시설,노인의료복지시설,자치구,김정민,1126000000,중랑구,서울특별시 중랑구 동일로 917-4 (묵동),37.6123689,127.076816,서울중랑경찰서,서울중랑,G30000001329641,서울청
G6587,(노인) 노인요양시설,노인의료복지시설,자치구,노귀남,1126000000,중랑구,서울특별시 중랑구 중랑천로52 (면목동),37.589835,127.073608,서울중랑경찰서,서울중랑,G30000001329641,서울청
G6874,(노인) 노인요양시설,노인의료복지시설,자치구,이해경,1126000000,중랑구,서울특별시 중랑구 동일로91가길 27 (면목동),37.5842666,127.0787958,서울중랑경찰서,서울중랑,G30000001329641,서울청
A0131,(노인) 노인요양시설,노인의료복지시설,자치구,김원제,1135000000,노원구,서울특별시 노원구 동일로248길 30 (상계동),37.6804647,127.0568157,서울노원경찰서,서울노원,G30000001329882,서울청
A0974,(노인) 노인요양시설,노인의료복지시설,자치구,민동세,1135000000,노원구,서울특별시 노원구 섬밭로 313 (중계동),37.6432761,127.0615013,서울노원경찰서,서울노원,G30000001329882,서울청
A1703,(노인) 노인요양시설,노인의료복지시설,자치구,김민성,1135000000,노원구,서울특별시 노원구 한글비석로 4 (하계동),37.6457169,127.076672,서울노원경찰서,서울노원,G30000001329882,서울청
A8937,(노인) 노인요양시설,노인의료복지시설,자치구,이수남,1135000000,노원구,서울특별시 노원구 동일로 1097 (공릉동),37.6304778,127.0901988,서울노원경찰서,서울노원,G30000001329882,서울청
A9258,(노인) 노인요양시설,노인의료복지시설,자치구,김용길,1135000000,노원구,서울특별시 노원구 한글비석로 444교림노원프라자 5층 (상계동),37.6559143,127.0608756,서울노원경찰서,서울노원,G30000001329882,서울청
G1585,(노인) 노인요양시설,노인의료복지시설,자치구,박기숙,1135000000,노원구,서울특별시 노원구 동일로230나길 23 (상계동),37.6725652,127.05758,서울노원경찰서,서울노원,G30000001329882,서울청
G3121,(노인) 노인요양시설,노인의료복지시설,자치구,박미진,1135000000,노원구,서울특별시 노원구 동일로242바길 27 (상계동),37.6743517,127.061066,서울노원경찰서,서울노원,G30000001329882,서울청
G3646,(노인) 노인요양시설,노인의료복지시설,자치구,이대석,1135000000,노원구,서울특별시 노원구 상계로1길 54-4 207 307호 (상계동 상계동센트럴타워),37.6580999,127.0617375,서울노원경찰서,서울노원,G30000001329882,서울청
G5049,(노인) 노인요양시설,노인의료복지시설,자치구,문덕흥,1135000000,노원구,서울특별시 노원구 한글비석로47길 58 2층 (상계동),37.6615836,127.0665469,서울노원경찰서,서울노원,G30000001329882,서울청
J0497,(노인) 노인요양시설,노인의료복지시설,자치구,김정분,1135000000,노원구,서울특별시 노원구 한글비석로44길 312층3층 (상계동),37.6644142,127.0704121,서울노원경찰서,서울노원,G30000001329882,서울청
M0414,(노인) 노인요양시설,노인의료복지시설,자치구,동인봉,1135000000,노원구,서울특별시 노원구 노원로 464 (상계동),37.6578393,127.0662526,서울노원경찰서,서울노원,G30000001329882,서울청
M1147,(노인) 노인요양시설,노인의료복지시설,자치구,최상규,1135000000,노원구,서울특별시 노원구 한글비석로15길 48현대종합상가 4층 (중계동),37.6562478,127.0735132,서울노원경찰서,서울노원,G30000001329882,서울청
A8869,(노인) 노인요양시설,노인의료복지시설,자치구,정명희,1168000000,강남구,서울특별시 강남구 강남대로128길 59 (논현동),37.5111726,127.0255058,서울강남경찰서,서울강남,G30000001329667,서울청
A9181,(노인) 노인요양시설,노인의료복지시설,자치구,강다혜,1168000000,강남구,서울특별시 강남구 삼성로 628 (삼성동),37.5139848,127.0565207,서울강남경찰서,서울강남,G30000001329667,서울청
A0368,(노인) 노인요양시설,노인의료복지시설,자치구,나종선,1165000000,서초구,서울특별시 서초구 남부순환로340길 21 (서초동 380-4),37.4817042,127.0246126,서울서초경찰서,서울서초,G30000001329813,서울청
A0386,(노인) 노인요양시설,노인의료복지시설,자치구,이민정,1165000000,서초구,서울특별시 서초구 남부순환로340길21,37.4817042,127.0246126,서울서초경찰서,서울서초,G30000001329813,서울청
A2361,(노인) 노인요양시설,노인의료복지시설,자치구,오명숙,1165000000,서초구,서울특별시 서초구 반포대로22길 61 (서초동 1558-15),37.4905439,127.0117524,서울서초경찰서,서울서초,G30000001329813,서울청
A5846,(노인) 노인요양시설,노인의료복지시설,자치구,김진규,1165000000,서초구,서울특별시 서초구 논현로1길 13 (양재동 402-3),37.4719431,127.0500497,서울서초경찰서,서울서초,G30000001329813,서울청
J4003,(노인) 노인요양시설,노인의료복지시설,자치구,손숙영,1165000000,서초구,서울특별시 서초구 강남대로89길 10 (반포동 707-9),37.5094657,127.0212428,서울서초경찰서,서울서초,G30000001329813,서울청
A1302,(노인) 노인요양시설,노인의료복지시설,자치구,박형준,1141000000,서대문구,서울특별시 서대문구 서소문로 43-49 (합동),37.5608691,126.9650175,서울서대문경찰서,서울서대문,G30000001329309,서울청
A1723,(노인) 노인요양시설,노인의료복지시설,자치구,김동금,1141000000,서대문구,서울특별시 서대문구 경기대로9길 62 (충정로3가),37.5642945,126.9608681,서울서대문경찰서,서울서대문,G30000001329309,서울청
A8158,(노인) 노인요양시설,노인의료복지시설,자치구,백영수,1141000000,서대문구,서울특별시 서대문구 홍은중앙로9길 21 (홍은동),37.6003957,126.9482024,서울서대문경찰서,서울서대문,G30000001329309,서울청
A8673,(노인) 노인요양시설,노인의료복지시설,자치구,탁우상,1141000000,서대문구,서울특별시 서대문구 독립문로8길 57 (천연동),37.5679923,126.959129,서울서대문경찰서,서울서대문,G30000001329309,서울청
B4161,(노인) 노인요양시설,노인의료복지시설,자치구,김희철,1141000000,서대문구,서울특별시 서대문구 홍지문2길 59 (홍은동),37.5982531,126.9559206,서울서대문경찰서,서울서대문,G30000001329309,서울청
G0027,(노인) 노인요양시설,노인의료복지시설,자치구,황애린,1141000000,서대문구,서울특별시 서대문구 모래내로 330 (홍은동),37.5796988,126.9337214,서울서대문경찰서,서울서대문,G30000001329309,서울청
G2267,(노인) 노인요양시설,노인의료복지시설,자치구,오은주,1141000000,서대문구,서울특별시 서대문구 응암로 62-0 (북가좌동)62 4~7층 (북가좌동),37.578547,126.9106016,서울서대문경찰서,서울서대문,G30000001329309,서울청
G3503,(노인) 노인요양시설,노인의료복지시설,자치구,조미정,1141000000,서대문구,서울특별시 서대문구 거북골로 202-2 (북가좌동),37.578612,126.908958,서울서대문경찰서,서울서대문,G30000001329309,서울청
G4476,(노인) 노인요양시설,노인의료복지시설,자치구,김향미,1141000000,서대문구,서울특별시 서대문구 홍제내길48 (홍제동),37.5845877,126.936301,서울서대문경찰서,서울서대문,G30000001329309,서울청
J8879,(노인) 노인요양시설,노인의료복지시설,자치구,김현주,1141000000,서대문구,서울특별시 서대문구 연희로31길 8-7 (연희동),37.5761615,126.9348371,서울서대문경찰서,서울서대문,G30000001329309,서울청
A0003,(노인) 노인요양시설,노인의료복지시설,자치구,이종후,1111000000,종로구,서울특별시 종로구 비봉길 76 (구기동),37.6148539,126.9550418,서울종로경찰서,서울종로,G30000001329275,서울청
A3469,(노인) 노인요양시설,노인의료복지시설,자치구,박은영,1111000000,종로구,서울특별시 종로구 평창길 123 (평창동),37.6125394,126.9653949,서울종로경찰서,서울종로,G30000001329275,서울청
A6344,(노인) 노인요양시설,노인의료복지시설,자치구,장현숙,1111000000,종로구,서울특별시 종로구 평창21길 70 (평창동),37.611497,126.9682817,서울종로경찰서,서울종로,G30000001329275,서울청
A7412,(노인) 노인요양시설,노인의료복지시설,자치구,이창훈,1111000000,종로구,서울특별시 종로구 평창2길 5 (평창동),37.6056405,126.9636806,서울종로경찰서,서울종로,G30000001329275,서울청
A9110,(노인) 노인요양시설,노인의료복지시설,자치구,정선량,1111000000,종로구,서울특별시 종로구 평창17길 26 (평창동),37.6128278,126.966639,서울종로경찰서,서울종로,G30000001329275,서울청
A9891,(노인) 노인요양시설,노인의료복지시설,자치구,임명순,1111000000,종로구,서울특별시 종로구 평창15길 10 (평창동),37.6106286,126.9656309,서울종로경찰서,서울종로,G30000001329275,서울청
G1403,(노인) 노인요양시설,노인의료복지시설,자치구,박명은,1111000000,종로구,서울특별시 종로구 홍지문길 29 (홍지동),37.6020455,126.9574486,서울종로경찰서,서울종로,G30000001329275,서울청
M0498,(노인) 노인요양시설,노인의료복지시설,자치구,유무형,1111000000,종로구,서울특별시 종로구 평창길 318 (평창동),37.6139669,126.9772024,서울종로경찰서,서울종로,G30000001329275,서울청
A1025,(노인) 노인요양시설,노인의료복지시설,자치구,이희근,1144000000,마포구,서울특별시 마포구 월드컵로36길 15 (성산동),37.5676047,126.9045677,서울마포경찰서,서울마포,G30000001329428,서울청
A8371,(노인) 노인요양시설,노인의료복지시설,자치구,한승훈,1144000000,마포구,서울특별시 마포구 만리재옛12길 6-2 (공덕동),37.5497345,126.9594191,서울마포경찰서,서울마포,G30000001329428,서울청
F04766,(노인) 노인요양시설,노인의료복지시설,자치구,,1100000000,서울특별시,서울특별시 마포구 백범로31길 21서울특별시립마포실버케어센터 (공덕동),37.5468224,126.9500658,서울마포경찰서,서울마포,G30000001329428,서울청
A0100,(노인) 노인요양시설,노인의료복지시설,자치구,김병한,1162000000,관악구,서울특별시 관악구 봉천로23라길 15(봉천동),37.488288,126.9371615,서울관악경찰서,서울관악,G30000001329692,서울청
A5072,(노인) 노인요양시설,노인의료복지시설,자치구,정윤성,1162000000,관악구,서울특별시 관악구 대학18길 34-7 (신림동),37.4645179,126.9363021,서울관악경찰서,서울관악,G30000001329692,서울청
A6233,(노인) 노인요양시설,노인의료복지시설,자치구,권명희,1162000000,관악구,서울특별시 관악구 난곡로63가길 421.3층 (신림동),37.4797883,126.9143168,서울관악경찰서,서울관악,G30000001329692,서울청
A6634,(노인) 노인요양시설,노인의료복지시설,자치구,안영일,1162000000,관악구,서울특별시 관악구 법원단지길 153 (신림동),37.4762162,126.9249503,서울관악경찰서,서울관악,G30000001329692,서울청
A8318,(노인) 노인요양시설,노인의료복지시설,자치구,정정희,1162000000,관악구,서울특별시 관악구 보라매로 35 (봉천동),37.4929311,126.9263007,서울관악경찰서,서울관악,G30000001329692,서울청
G1831,(노인) 노인요양시설,노인의료복지시설,자치구,박재경,1162000000,관악구,서울특별시 관악구 호암로401 501호호 (신림동),37.4610399,126.9259487,서울관악경찰서,서울관악,G30000001329692,서울청
G2547,(노인) 노인요양시설,노인의료복지시설,자치구,최한철,1162000000,관악구,서울특별시 관악구 난향7길 68 (신림동),37.4595503,126.9150782,서울관악경찰서,서울관악,G30000001329692,서울청
G3693,(노인) 노인요양시설,노인의료복지시설,자치구,구영회,1162000000,관악구,서울특별시 관악구 호암로 401 5층 (신림동),37.4610399,126.9259487,서울관악경찰서,서울관악,G30000001329692,서울청
G5223,(노인) 노인요양시설,노인의료복지시설,자치구,전정순,1162000000,관악구,서울특별시 관악구 난곡로10길 10 (신림동),37.4651499,126.9201497,서울관악경찰서,서울관악,G30000001329692,서울청
G6409,(노인) 노인요양시설,노인의료복지시설,자치구,김상희,1162000000,관악구,서울특별시 관악구 대학18길 34-7 (신림동),37.4645179,126.9363021,서울관악경찰서,서울관악,G30000001329692,서울청
M1052,(노인) 노인요양시설,노인의료복지시설,자치구,박금주,1162000000,관악구,서울특별시 관악구 남부순환로 1529-1 (신림동),37.4831784,126.9205811,서울관악경찰서,서울관악,G30000001329692,서울청
A0347,(노인) 노인요양시설,노인의료복지시설,자치구,이재희,1159000000,동작구,서울특별시 동작구 노량진로32길 53 (본동),37.5115157,126.9572466,서울동작경찰서,서울동작,G30000001332634,서울청
A0607,(노인) 노인요양시설,노인의료복지시설,자치구,손창숙,1159000000,동작구,서울특별시 동작구 국사봉1길 145(상도동),37.4961539,126.9333373,서울동작경찰서,서울동작,G30000001332634,서울청
G2555,(노인) 노인요양시설,노인의료복지시설,자치구,장경애,1159000000,동작구,서울특별시 동작구 남부순환로255길8 13층 101301호 (사당동 장미빌라),37.476456,126.9712151,서울동작경찰서,서울동작,G30000001332634,서울청
A0099,(노인) 노인요양시설,노인의료복지시설,자치구,이희법,1154500000,금천구,서울특별시 금천구 금하로 596-0 ,37.4524516,126.9070357,서울금천경찰서,서울금천,G30000001332675,서울청
A1307,(노인) 노인요양시설,노인의료복지시설,자치구,송평섭,1154500000,금천구,서울특별시 금천구 범안로12가길 59,37.4649987,126.8944418,서울금천경찰서,서울금천,G30000001332675,서울청
A3370,(노인) 노인요양시설,노인의료복지시설,자치구,이경옥,1154500000,금천구,서울특별시 금천구 범안로12가길 59,37.4649987,126.8944418,서울금천경찰서,서울금천,G30000001332675,서울청
A7132,(노인) 노인요양시설,노인의료복지시설,자치구,이찬우,1154500000,금천구,서울특별시 금천구 금하로 764-0,37.4524516,126.9070357,서울금천경찰서,서울금천,G30000001332675,서울청
A8214,(노인) 노인요양시설,노인의료복지시설,자치구,이제숙,1154500000,금천구,서울특별시 금천구 시흥대로59길 20,37.4534204,126.899574,서울금천경찰서,서울금천,G30000001332675,서울청
A8356,(노인) 노인요양시설,노인의료복지시설,자치구,최유리,1154500000,금천구,서울특별시 금천구 독산로 359 (독산동),37.4788481,126.9035744,서울금천경찰서,서울금천,G30000001332675,서울청
G2523,(노인) 노인요양시설,노인의료복지시설,자치구,나태웅,1154500000,금천구,서울특별시 금천구 독산로194 (독산동 영재빌딩),37.4643321,126.9031647,서울금천경찰서,서울금천,G30000001332675,서울청
G3078,(노인) 노인요양시설,노인의료복지시설,자치구,김혜자,1154500000,금천구,서울특별시 금천구 시흥대로 214 10층 (시흥동),37.4530099,126.9017478,서울금천경찰서,서울금천,G30000001332675,서울청
G3809,(노인) 노인요양시설,노인의료복지시설,자치구,이지영,1154500000,금천구,서울특별시 금천구 시흥대로153길 99 478층 (가산동),37.4757323,126.8933272,서울금천경찰서,서울금천,G30000001332675,서울청
G5409,(노인) 노인요양시설,노인의료복지시설,자치구,백남옥,1154500000,금천구,서울특별시 금천구 시흥대로 214 (시흥동),37.4530099,126.9017478,서울금천경찰서,서울금천,G30000001332675,서울청
G8170,(노인) 노인요양시설,노인의료복지시설,자치구,이명애,1154500000,금천구,서울특별시 금천구 시흥대로 214 11층 (시흥동),37.4530099,126.9017478,서울금천경찰서,서울금천,G30000001332675,서울청
G8421,(노인) 노인요양시설,노인의료복지시설,자치구,김영숙,1154500000,금천구,서울특별시 금천구 시흥대로152길 11-43 2층 (독산동),37.4784551,126.9005501,서울금천경찰서,서울금천,G30000001332675,서울청
A7599,(노인) 노인요양시설,노인의료복지시설,자치구,김금자,1153000000,구로구,서울특별시 구로구 고척로21나길 88-41 (개봉동),37.5028483,126.8411893,서울구로경찰서,서울구로,G30000001329787,서울청
A7619,(노인) 노인요양시설,노인의료복지시설,자치구,김연주,1153000000,구로구,서울특별시 구로구 개봉로3길 9 (개봉동),37.4861843,126.8557742,서울구로경찰서,서울구로,G30000001329787,서울청
A9096,(노인) 노인요양시설,노인의료복지시설,자치구,오근영,1153000000,구로구,서울특별시 구로구 경인로 393-7 (고척동),37.5083284,126.8584947,서울구로경찰서,서울구로,G30000001329787,서울청
G0032,(노인) 노인요양시설,노인의료복지시설,자치구,이윤희,1153000000,구로구,서울특별시 구로구 오류로8길 84 (오류동),37.4926347,126.8446503,서울구로경찰서,서울구로,G30000001329787,서울청
G1211,(노인) 노인요양시설,노인의료복지시설,자치구,곽철희,1153000000,구로구,서울특별시 구로구 디지털로27길 119B223 (가리봉동),37.4845585,126.8874293,서울구로경찰서,서울구로,G30000001329787,서울청
G1744,(노인) 노인요양시설,노인의료복지시설,자치구,이옥진,1153000000,구로구,서울특별시 구로구 천왕로 366층 (천왕동),37.4803813,126.8415075,서울구로경찰서,서울구로,G30000001329787,서울청
G2589,(노인) 노인요양시설,노인의료복지시설,자치구,조광희,1153000000,구로구,서울특별시 구로구 새말로 38-12 (구로동)(구로동),37.502481,126.8849342,서울구로경찰서,서울구로,G30000001329787,서울청
G4166,(노인) 노인요양시설,노인의료복지시설,자치구,김은자,1153000000,구로구,서울특별시 구로구 중앙로 60 67층 (고척동 강산메디칼프라자),37.5030259,126.8625146,서울구로경찰서,서울구로,G30000001329787,서울청
G6439,(노인) 노인요양시설,노인의료복지시설,자치구,윤기훈,1153000000,구로구,서울특별시 구로구 목동남로 32 (고척동 보광빌딩 (B1 3467층)),37.5079662,126.8636101,서울구로경찰서,서울구로,G30000001329787,서울청
G6698,(노인) 노인요양시설,노인의료복지시설,자치구,이남희,1153000000,구로구,서울특별시 구로구 중앙로 10-15 (고척동),37.5000206,126.8657596,서울구로경찰서,서울구로,G30000001329787,서울청
A3121,(노인) 노인요양시설,노인의료복지시설,자치구,이지은,1156000000,영등포구,서울특별시 영등포구 도림로 482,37.5168303,126.8903247,서울영등포경찰서,서울영등포,G30000001329457,서울청
